<?xml version="1.0" encoding="UTF-8"?>
<usuarios>
	<usuario>
		<user>admin</user>
		<pwd>1234</pwd>
	</usuario>
	<usuario>
		<user>pedro</user>
		<pwd>1234</pwd>
	</usuario>
	<usuario>
		<user>cj</user>
		<pwd>1234</pwd>
	</usuario>
	<usuario>
		<user>harry</user>
		<pwd>3333</pwd>
	</usuario>
	<usuario>
		<user>roy</user>
		<pwd>8888</pwd>
	</usuario>
	<usuario>
		<user>juan</user>
		<pwd>4562</pwd>
	</usuario>
	<usuario>
		<user>eduardo</user>
		<pwd>5023</pwd>
	</usuario>
    <usuario>
		<user>paola</user>
		<pwd>2233</pwd>
	</usuario>
    <usuario>
		<user>Jose</user>
		<pwd>5050</pwd>
	</usuario>
    <usuario>
		<user>jack</user>
		<pwd>6262</pwd>
	</usuario>
    <usuario>
		<user>Naomi</user>
		<pwd>5387</pwd>
	</usuario>
    <usuario>
		<user>irene</user>
		<pwd>6666</pwd>
	</usuario>
	<usuario>
		<user>irene@gmail.com</user>
		<pwd>6666</pwd>
	</usuario>
</usuarios>